Continent;Pays;Capitale;Nom et prénom du dirigeant;Rôle / titre;Précision;Vérifié le;Source dirigeant;Source capitale / continent;Code ISO
Afrique;Afrique du Sud;Pretoria;Cyril Ramaphosa;Président;Pretoria est la capitale exécutive retenue pour le quiz. Le Cap et Bloemfontein accueillent respectivement les fonctions législative et judiciaire.;2026-09-20;https://www.cia.gov/resources/world-leaders/foreign-governments/south-africa;https://www.gov.za/about-sa/south-africa-glance;ZA
Afrique;Algérie;Alger;Abdelmadjid Tebboune;Président;;2026-09-20;https://en.wikipedia.org/wiki/List_of_current_heads_of_state_and_government;https://github.com/lorey/list-of-countries/blob/master/csv/countries.csv;DZ
Afrique;Angola;Luanda;João Lourenço;Président;;2026-09-20;https://en.wikipedia.org/wiki/List_of_current_heads_of_state_and_government;https://github.com/lorey/list-of-countries/blob/master/csv/countries.csv;AO
Afrique;Botswana;Gaborone;Duma Boko;Président;;2026-09-20;https://en.wikipedia.org/wiki/List_of_current_heads_of_state_and_government;https://github.com/lorey/list-of-countries/blob/master/csv/countries.csv;BW
Afrique;Burkina Faso;Ouagadougou;Ibrahim Traoré;Président de transition;;2026-09-20;https://en.wikipedia.org/wiki/List_of_current_heads_of_state_and_government;https://github.com/lorey/list-of-countries/blob/master/csv/countries.csv;BF
Afrique;Burundi;Gitega;Évariste Ndayishimiye;Président;"Gitega est la capitale politique ; Bujumbura reste la capitale économique.";2026-09-20;https://en.wikipedia.org/wiki/List_of_current_heads_of_state_and_government;https://www.diplomatie.gouv.fr/fr/dossiers-pays/burundi/presentation-du-burundi/;BI
Afrique;Bénin;Porto-Novo;Romuald Wadagni;Président;Porto-Novo est la capitale officielle. Cotonou est le siège principal du gouvernement, mais n'est pas retenue comme réponse.;2026-09-20;https://www.cia.gov/resources/world-leaders/foreign-governments/benin;https://www.gouv.bj/;BJ
Afrique;Cameroun;Yaoundé;Paul Biya;Président;;2026-09-20;https://en.wikipedia.org/wiki/List_of_current_heads_of_state_and_government;https://github.com/lorey/list-of-countries/blob/master/csv/countries.csv;CM
Afrique;Cap-Vert;Praia;Francisco Carvalho;Premier ministre;Le quiz retient le détenteur effectif du pouvoir exécutif plutôt que le chef d'État protocolaire.;2026-09-26;https://www.governo.cv/;https://github.com/lorey/list-of-countries/blob/master/csv/countries.csv;CV
Afrique;Comores;Moroni;Azali Assoumani;Président;;2026-09-20;https://en.wikipedia.org/wiki/List_of_current_heads_of_state_and_government;https://github.com/lorey/list-of-countries/blob/master/csv/countries.csv;KM
Afrique;Côte d'Ivoire;Yamoussoukro;Alassane Ouattara;Président;Yamoussoukro est la capitale officielle. Abidjan est le principal centre économique, mais n'est pas retenue comme réponse.;2026-09-20;https://www.cia.gov/resources/world-leaders/foreign-governments/cote-divoire;https://www.gouv.ci/;CI
Afrique;Djibouti;Djibouti;Ismaïl Omar Guelleh;Président;;2026-09-20;https://en.wikipedia.org/wiki/List_of_current_heads_of_state_and_government;https://github.com/lorey/list-of-countries/blob/master/csv/countries.csv;DJ
Afrique;Eswatini;Mbabane;Mswati III;Roi exerçant l'autorité exécutive;Le monarque exerce ici un pouvoir exécutif réel.;2026-09-20;https://www.cia.gov/resources/world-leaders/;https://www.gov.sz/;SZ
Afrique;Gabon;Libreville;Brice Oligui Nguema;Président;;2026-09-20;https://en.wikipedia.org/wiki/List_of_current_heads_of_state_and_government;https://github.com/lorey/list-of-countries/blob/master/csv/countries.csv;GA
Afrique;Gambie;Banjul;Adama Barrow;Président;;2026-09-20;https://en.wikipedia.org/wiki/List_of_current_heads_of_state_and_government;https://github.com/lorey/list-of-countries/blob/master/csv/countries.csv;GM
Afrique;Ghana;Accra;John Mahama;Président;;2026-09-20;https://en.wikipedia.org/wiki/List_of_current_heads_of_state_and_government;https://github.com/lorey/list-of-countries/blob/master/csv/countries.csv;GH
Afrique;Guinée;Conakry;Mamady Doumbouya;Président;;2026-09-20;https://en.wikipedia.org/wiki/List_of_current_heads_of_state_and_government;https://github.com/lorey/list-of-countries/blob/master/csv/countries.csv;GN
Afrique;Guinée équatoriale;Ciudad de la Paz;Teodoro Obiang Nguema Mbasogo;Président;Ciudad de la Paz a été déclarée capitale par décret-loi en janvier 2026.;2026-09-20;https://en.wikipedia.org/wiki/List_of_current_heads_of_state_and_government;https://www.guineaecuatorialpress.com/noticias/decreto_ley_por_el_que_se_declara_la_ciudad_de_la_paz_djibloho_capital_de_la_republica_de_guinea_ecuatorial;GQ
Afrique;Guinée-Bissau;Bissau;Horta Inta-A Na Man;Président de transition;Il est aussi chef du Haut Commandement selon la source.;2026-09-20;https://en.wikipedia.org/wiki/List_of_current_heads_of_state_and_government;https://github.com/lorey/list-of-countries/blob/master/csv/countries.csv;GW
Afrique;Kenya;Nairobi;William Ruto;Président;;2026-09-20;https://en.wikipedia.org/wiki/List_of_current_heads_of_state_and_government;https://github.com/lorey/list-of-countries/blob/master/csv/countries.csv;KE
Afrique;Lesotho;Maseru;Samuel Matekane;Premier ministre;Le quiz retient le détenteur effectif du pouvoir exécutif plutôt que le chef d'État protocolaire.;2026-09-20;https://www.cia.gov/resources/world-leaders/;https://github.com/lorey/list-of-countries/blob/master/csv/countries.csv;LS
Afrique;Liberia;Monrovia;Joseph Boakai;Président;;2026-09-20;https://en.wikipedia.org/wiki/List_of_current_heads_of_state_and_government;https://github.com/lorey/list-of-countries/blob/master/csv/countries.csv;LR
Afrique;Libye;Tripoli;Abdul Hamid Dbeibah;Premier ministre du Gouvernement d'unité nationale;"La Libye reste divisée entre autorités rivales ; le quiz retient le chef du gouvernement siégeant à Tripoli.";2026-09-20;https://www.cia.gov/resources/world-leaders/;https://github.com/lorey/list-of-countries/blob/master/csv/countries.csv;LY
Afrique;Madagascar;Antananarivo;Michael Randrianirina;Président;Il préside aussi le Conseil de la présidence pour la refondation de la République.;2026-09-20;https://en.wikipedia.org/wiki/List_of_current_heads_of_state_and_government;https://github.com/lorey/list-of-countries/blob/master/csv/countries.csv;MG
Afrique;Malawi;Lilongwe;Peter Mutharika;Président;;2026-09-20;https://en.wikipedia.org/wiki/List_of_current_heads_of_state_and_government;https://github.com/lorey/list-of-countries/blob/master/csv/countries.csv;MW
Afrique;Mali;Bamako;Assimi Goïta;Président;;2026-09-20;https://en.wikipedia.org/wiki/List_of_current_heads_of_state_and_government;https://github.com/lorey/list-of-countries/blob/master/csv/countries.csv;ML
Afrique;Maroc;Rabat;Mohammed VI;Roi exerçant une autorité exécutive déterminante;Le monarque conserve ici des pouvoirs exécutifs et politiques substantiels.;2026-09-20;https://www.cia.gov/resources/world-leaders/;https://github.com/lorey/list-of-countries/blob/master/csv/countries.csv;MA
Afrique;Maurice;Port Louis;Navin Ramgoolam;Premier ministre;Le quiz retient le détenteur effectif du pouvoir exécutif plutôt que le chef d'État protocolaire.;2026-09-20;https://www.cia.gov/resources/world-leaders/;https://github.com/lorey/list-of-countries/blob/master/csv/countries.csv;MU
Afrique;Mauritanie;Nouakchott;Mohamed Ould Ghazouani;Président;;2026-09-20;https://en.wikipedia.org/wiki/List_of_current_heads_of_state_and_government;https://github.com/lorey/list-of-countries/blob/master/csv/countries.csv;MR
Afrique;Mozambique;Maputo;Daniel Chapo;Président;;2026-09-20;https://en.wikipedia.org/wiki/List_of_current_heads_of_state_and_government;https://github.com/lorey/list-of-countries/blob/master/csv/countries.csv;MZ
Afrique;Namibie;Windhoek;Netumbo Nandi-Ndaitwah;Présidente;;2026-09-20;https://en.wikipedia.org/wiki/List_of_current_heads_of_state_and_government;https://github.com/lorey/list-of-countries/blob/master/csv/countries.csv;NA
Afrique;Niger;Niamey;Omar Tiani;Président de transition;Il est aussi président du Conseil national pour la sauvegarde de la patrie.;2026-09-20;https://en.wikipedia.org/wiki/List_of_current_heads_of_state_and_government;https://github.com/lorey/list-of-countries/blob/master/csv/countries.csv;NE
Afrique;Nigeria;Abuja;Bola Tinubu;Président;;2026-09-20;https://en.wikipedia.org/wiki/List_of_current_heads_of_state_and_government;https://github.com/lorey/list-of-countries/blob/master/csv/countries.csv;NG
Afrique;Ouganda;Kampala;Yoweri Museveni;Président;;2026-09-20;https://en.wikipedia.org/wiki/List_of_current_heads_of_state_and_government;https://github.com/lorey/list-of-countries/blob/master/csv/countries.csv;UG
Afrique;Rwanda;Kigali;Paul Kagame;Président;;2026-09-20;https://en.wikipedia.org/wiki/List_of_current_heads_of_state_and_government;https://github.com/lorey/list-of-countries/blob/master/csv/countries.csv;RW
Afrique;République centrafricaine;Bangui;Faustin-Archange Touadéra;Président;;2026-09-20;https://en.wikipedia.org/wiki/List_of_current_heads_of_state_and_government;https://github.com/lorey/list-of-countries/blob/master/csv/countries.csv;CF
Afrique;République du Congo;Brazzaville;Denis Sassou Nguesso;Président;;2026-09-20;https://en.wikipedia.org/wiki/List_of_current_heads_of_state_and_government;https://github.com/lorey/list-of-countries/blob/master/csv/countries.csv;CG
Afrique;République démocratique du Congo;Kinshasa;Félix Tshisekedi;Président;;2026-09-20;https://en.wikipedia.org/wiki/List_of_current_heads_of_state_and_government;https://github.com/lorey/list-of-countries/blob/master/csv/countries.csv;CD
Afrique;Seychelles;Victoria;Patrick Herminie;Président;;2026-09-20;https://en.wikipedia.org/wiki/List_of_current_heads_of_state_and_government;https://github.com/lorey/list-of-countries/blob/master/csv/countries.csv;SC
Afrique;Sierra Leone;Freetown;Julius Maada Bio;Président;;2026-09-20;https://en.wikipedia.org/wiki/List_of_current_heads_of_state_and_government;https://github.com/lorey/list-of-countries/blob/master/csv/countries.csv;SL
Afrique;Somalie;Mogadiscio;Hamza Abdi Barre;Premier ministre;Le quiz retient le détenteur effectif du pouvoir exécutif plutôt que le chef d'État protocolaire.;2026-09-20;https://www.cia.gov/resources/world-leaders/;https://github.com/lorey/list-of-countries/blob/master/csv/countries.csv;SO
Afrique;Soudan;Khartoum;Abdel Fattah al-Burhan;Président du Conseil de souveraineté de transition;Le chef de l'État relève d'un conseil de souveraineté de transition.;2026-09-20;https://en.wikipedia.org/wiki/List_of_current_heads_of_state_and_government;https://github.com/lorey/list-of-countries/blob/master/csv/countries.csv;SD
Afrique;Soudan du Sud;Juba;Salva Kiir;Président;;2026-09-20;https://en.wikipedia.org/wiki/List_of_current_heads_of_state_and_government;https://github.com/lorey/list-of-countries/blob/master/csv/countries.csv;SS
Afrique;São Tomé-et-Príncipe;São Tomé;Américo Ramos;Premier ministre;Le quiz retient le détenteur effectif du pouvoir exécutif plutôt que le chef d'État protocolaire.;2026-09-20;https://www.cia.gov/resources/world-leaders/;https://github.com/lorey/list-of-countries/blob/master/csv/countries.csv;ST
Afrique;Sénégal;Dakar;Bassirou Diomaye Faye;Président;;2026-09-20;https://en.wikipedia.org/wiki/List_of_current_heads_of_state_and_government;https://github.com/lorey/list-of-countries/blob/master/csv/countries.csv;SN
Afrique;Tanzanie;Dodoma;Samia Suluhu Hassan;Présidente;;2026-09-20;https://en.wikipedia.org/wiki/List_of_current_heads_of_state_and_government;https://github.com/lorey/list-of-countries/blob/master/csv/countries.csv;TZ
Afrique;Tchad;N'Djamena;Mahamat Déby;Président;;2026-09-20;https://en.wikipedia.org/wiki/List_of_current_heads_of_state_and_government;https://github.com/lorey/list-of-countries/blob/master/csv/countries.csv;TD
Afrique;Togo;Lomé;Faure Gnassingbé;Président du Conseil des ministres;Le quiz retient le détenteur effectif du pouvoir exécutif plutôt que le chef d'État protocolaire.;2026-09-20;https://www.cia.gov/resources/world-leaders/;https://github.com/lorey/list-of-countries/blob/master/csv/countries.csv;TG
Afrique;Tunisie;Tunis;Kais Saied;Président;;2026-09-20;https://en.wikipedia.org/wiki/List_of_current_heads_of_state_and_government;https://github.com/lorey/list-of-countries/blob/master/csv/countries.csv;TN
Afrique;Zambie;Lusaka;Hakainde Hichilema;Président;;2026-09-20;https://en.wikipedia.org/wiki/List_of_current_heads_of_state_and_government;https://github.com/lorey/list-of-countries/blob/master/csv/countries.csv;ZM
Afrique;Zimbabwe;Harare;Emmerson Mnangagwa;Président;;2026-09-20;https://en.wikipedia.org/wiki/List_of_current_heads_of_state_and_government;https://github.com/lorey/list-of-countries/blob/master/csv/countries.csv;ZW
Afrique;Égypte;Le Caire;Abdel Fattah el-Sisi;Président;;2026-09-20;https://en.wikipedia.org/wiki/List_of_current_heads_of_state_and_government;https://github.com/lorey/list-of-countries/blob/master/csv/countries.csv;EG
Afrique;Érythrée;Asmara;Isaias Afwerki;Président;;2026-09-20;https://en.wikipedia.org/wiki/List_of_current_heads_of_state_and_government;https://github.com/lorey/list-of-countries/blob/master/csv/countries.csv;ER
Afrique;Éthiopie;Addis-Abeba;Abiy Ahmed;Premier ministre;Le quiz retient le détenteur effectif du pouvoir exécutif plutôt que le chef d'État protocolaire.;2026-09-20;https://www.cia.gov/resources/world-leaders/;https://github.com/lorey/list-of-countries/blob/master/csv/countries.csv;ET
Amérique du Nord;Antigua-et-Barbuda;Saint John's;Gaston Browne;Premier ministre;Le quiz retient le détenteur effectif du pouvoir exécutif plutôt que le chef d'État protocolaire.;2026-09-20;https://www.cia.gov/resources/world-leaders/;https://github.com/lorey/list-of-countries/blob/master/csv/countries.csv;AG
Amérique du Nord;Bahamas;Nassau;Philip Davis;Premier ministre;Le quiz retient le détenteur effectif du pouvoir exécutif plutôt que le chef d'État protocolaire.;2026-09-20;https://www.cia.gov/resources/world-leaders/;https://github.com/lorey/list-of-countries/blob/master/csv/countries.csv;BS
Amérique du Nord;Barbade;Bridgetown;Mia Mottley;Première ministre;Le quiz retient le détenteur effectif du pouvoir exécutif plutôt que le chef d'État protocolaire.;2026-09-20;https://www.cia.gov/resources/world-leaders/;https://github.com/lorey/list-of-countries/blob/master/csv/countries.csv;BB
Amérique du Nord;Belize;Belmopan;John Briceño;Premier ministre;Le quiz retient le détenteur effectif du pouvoir exécutif plutôt que le chef d'État protocolaire.;2026-09-20;https://www.cia.gov/resources/world-leaders/;https://github.com/lorey/list-of-countries/blob/master/csv/countries.csv;BZ
Amérique du Nord;Canada;Ottawa;Mark Carney;Premier ministre;Le quiz retient le détenteur effectif du pouvoir exécutif plutôt que le chef d'État protocolaire.;2026-09-20;https://www.cia.gov/resources/world-leaders/;https://github.com/lorey/list-of-countries/blob/master/csv/countries.csv;CA
Amérique du Nord;Costa Rica;San José;Laura Fernández;Présidente;;2026-09-20;https://en.wikipedia.org/wiki/List_of_current_heads_of_state_and_government;https://github.com/lorey/list-of-countries/blob/master/csv/countries.csv;CR
Amérique du Nord;Cuba;La Havane;Miguel Díaz-Canel;Président;Il est également premier secrétaire du Parti communiste de Cuba.;2026-09-20;https://en.wikipedia.org/wiki/List_of_current_heads_of_state_and_government;https://github.com/lorey/list-of-countries/blob/master/csv/countries.csv;CU
Amérique du Nord;Dominique;Roseau;Roosevelt Skerrit;Premier ministre;Le quiz retient le détenteur effectif du pouvoir exécutif plutôt que le chef d'État protocolaire.;2026-09-20;https://www.cia.gov/resources/world-leaders/;https://github.com/lorey/list-of-countries/blob/master/csv/countries.csv;DM
Amérique du Nord;Grenade;Saint-Georges;Dickon Mitchell;Premier ministre;Le quiz retient le détenteur effectif du pouvoir exécutif plutôt que le chef d'État protocolaire.;2026-09-20;https://www.cia.gov/resources/world-leaders/;https://github.com/lorey/list-of-countries/blob/master/csv/countries.csv;GD
Amérique du Nord;Guatemala;Guatemala;Bernardo Arévalo;Président;;2026-09-20;https://en.wikipedia.org/wiki/List_of_current_heads_of_state_and_government;https://github.com/lorey/list-of-countries/blob/master/csv/countries.csv;GT
Amérique du Nord;Haïti;Port-au-Prince;Alix Didier Fils-Aimé;Premier ministre;Le quiz retient le détenteur effectif du pouvoir exécutif plutôt que le chef d'État protocolaire.;2026-09-20;https://www.cia.gov/resources/world-leaders/;https://github.com/lorey/list-of-countries/blob/master/csv/countries.csv;HT
Amérique du Nord;Honduras;Tegucigalpa;Nasry Asfura;Président;;2026-09-20;https://en.wikipedia.org/wiki/List_of_current_heads_of_state_and_government;https://github.com/lorey/list-of-countries/blob/master/csv/countries.csv;HN
Amérique du Nord;Jamaïque;Kingston;Andrew Holness;Premier ministre;Le quiz retient le détenteur effectif du pouvoir exécutif plutôt que le chef d'État protocolaire.;2026-09-20;https://www.cia.gov/resources/world-leaders/;https://github.com/lorey/list-of-countries/blob/master/csv/countries.csv;JM
Amérique du Nord;Mexique;Mexico;Claudia Sheinbaum;Présidente;;2026-09-20;https://en.wikipedia.org/wiki/List_of_current_heads_of_state_and_government;https://github.com/lorey/list-of-countries/blob/master/csv/countries.csv;MX
Amérique du Nord;Nicaragua;Managua;Daniel Ortega / Rosario Murillo;Coprésidents;Le Nicaragua a deux coprésidents selon la source.;2026-09-20;https://en.wikipedia.org/wiki/List_of_current_heads_of_state_and_government;https://github.com/lorey/list-of-countries/blob/master/csv/countries.csv;NI
Amérique du Nord;Panama;Panama;José Raúl Mulino;Président;;2026-09-20;https://en.wikipedia.org/wiki/List_of_current_heads_of_state_and_government;https://github.com/lorey/list-of-countries/blob/master/csv/countries.csv;PA
Amérique du Nord;République dominicaine;Santo Domingo;Luis Abinader;Président;;2026-09-20;https://en.wikipedia.org/wiki/List_of_current_heads_of_state_and_government;https://github.com/lorey/list-of-countries/blob/master/csv/countries.csv;DO
Amérique du Nord;Saint-Christophe-et-Niévès;Basseterre;Terrance Drew;Premier ministre;Le quiz retient le détenteur effectif du pouvoir exécutif plutôt que le chef d'État protocolaire.;2026-09-20;https://www.cia.gov/resources/world-leaders/;https://github.com/lorey/list-of-countries/blob/master/csv/countries.csv;KN
Amérique du Nord;Saint-Vincent-et-les Grenadines;Kingstown;Godwin Friday;Premier ministre;Le quiz retient le détenteur effectif du pouvoir exécutif plutôt que le chef d'État protocolaire.;2026-09-20;https://www.cia.gov/resources/world-leaders/;https://github.com/lorey/list-of-countries/blob/master/csv/countries.csv;VC
Amérique du Nord;Sainte-Lucie;Castries;Philip J. Pierre;Premier ministre;Le quiz retient le détenteur effectif du pouvoir exécutif plutôt que le chef d'État protocolaire.;2026-09-20;https://www.cia.gov/resources/world-leaders/;https://github.com/lorey/list-of-countries/blob/master/csv/countries.csv;LC
Amérique du Nord;Salvador;San Salvador;Nayib Bukele;Président;;2026-09-20;https://en.wikipedia.org/wiki/List_of_current_heads_of_state_and_government;https://github.com/lorey/list-of-countries/blob/master/csv/countries.csv;SV
Amérique du Nord;Trinité-et-Tobago;Port-d'Espagne;Kamla Persad-Bissessar;Première ministre;Le quiz retient le détenteur effectif du pouvoir exécutif plutôt que le chef d'État protocolaire.;2026-09-20;https://www.cia.gov/resources/world-leaders/;https://github.com/lorey/list-of-countries/blob/master/csv/countries.csv;TT
Amérique du Nord;États-Unis;Washington;Donald Trump;Président;;2026-09-20;https://en.wikipedia.org/wiki/List_of_current_heads_of_state_and_government;https://github.com/lorey/list-of-countries/blob/master/csv/countries.csv;US
Amérique du Sud;Argentine;Buenos Aires;Javier Milei;Président;;2026-09-20;https://en.wikipedia.org/wiki/List_of_current_heads_of_state_and_government;https://github.com/lorey/list-of-countries/blob/master/csv/countries.csv;AR
Amérique du Sud;Bolivie;Sucre;Rodrigo Paz;Président;Sucre est la capitale constitutionnelle. La Paz est le siège du gouvernement, mais n'est pas retenue comme réponse.;2026-09-20;https://www.cia.gov/resources/world-leaders/foreign-governments/bolivia;https://www.presidencia.gob.bo/;BO
Amérique du Sud;Brésil;Brasília;Luiz Inácio Lula da Silva;Président;;2026-09-20;https://en.wikipedia.org/wiki/List_of_current_heads_of_state_and_government;https://github.com/lorey/list-of-countries/blob/master/csv/countries.csv;BR
Amérique du Sud;Chili;Santiago;José Antonio Kast;Président;;2026-09-20;https://en.wikipedia.org/wiki/List_of_current_heads_of_state_and_government;https://github.com/lorey/list-of-countries/blob/master/csv/countries.csv;CL
Amérique du Sud;Colombie;Bogotá;Abelardo de la Espriella;Président;;2026-09-20;https://en.wikipedia.org/wiki/List_of_current_heads_of_state_and_government;https://github.com/lorey/list-of-countries/blob/master/csv/countries.csv;CO
Amérique du Sud;Guyana;Georgetown;Irfaan Ali;Président;;2026-09-20;https://en.wikipedia.org/wiki/List_of_current_heads_of_state_and_government;https://github.com/lorey/list-of-countries/blob/master/csv/countries.csv;GY
Amérique du Sud;Paraguay;Asunción;Santiago Peña;Président;;2026-09-20;https://en.wikipedia.org/wiki/List_of_current_heads_of_state_and_government;https://github.com/lorey/list-of-countries/blob/master/csv/countries.csv;PY
Amérique du Sud;Pérou;Lima;Keiko Fujimori;Présidente;;2026-09-20;https://en.wikipedia.org/wiki/List_of_current_heads_of_state_and_government;https://github.com/lorey/list-of-countries/blob/master/csv/countries.csv;PE
Amérique du Sud;Suriname;Paramaribo;Jennifer Geerlings-Simons;Présidente;;2026-09-20;https://en.wikipedia.org/wiki/List_of_current_heads_of_state_and_government;https://github.com/lorey/list-of-countries/blob/master/csv/countries.csv;SR
Amérique du Sud;Uruguay;Montevideo;Yamandú Orsi;Président;;2026-09-20;https://en.wikipedia.org/wiki/List_of_current_heads_of_state_and_government;https://github.com/lorey/list-of-countries/blob/master/csv/countries.csv;UY
Amérique du Sud;Venezuela;Caracas;Delcy Rodríguez Gómez;Présidente par intérim;La source de référence indique Delcy Rodríguez Gómez comme présidente par intérim.;2026-09-20;https://www.cia.gov/resources/world-leaders/foreign-governments/venezuela;https://www.cia.gov/the-world-factbook/countries/venezuela/;VE
Amérique du Sud;Équateur;Quito;Daniel Noboa;Président;;2026-09-20;https://en.wikipedia.org/wiki/List_of_current_heads_of_state_and_government;https://github.com/lorey/list-of-countries/blob/master/csv/countries.csv;EC
Asie;Afghanistan;Kabul;Hibatullah Akhundzada;Guide suprême;Le chef de l'État est le Guide suprême.;2026-09-20;https://en.wikipedia.org/wiki/List_of_current_heads_of_state_and_government;https://github.com/lorey/list-of-countries/blob/master/csv/countries.csv;AF
Asie;Arabie saoudite;Riyad;Mohammed bin Salman;Prince héritier et Premier ministre;Le quiz retient le chef de gouvernement et dirigeant de fait.;2026-09-20;https://www.cia.gov/resources/world-leaders/;https://github.com/lorey/list-of-countries/blob/master/csv/countries.csv;SA
Asie;Arménie;Erevan;Nikol Pashinyan;Premier ministre;Le quiz retient le détenteur effectif du pouvoir exécutif plutôt que le chef d'État protocolaire.;2026-09-20;https://www.cia.gov/resources/world-leaders/;https://github.com/lorey/list-of-countries/blob/master/csv/countries.csv;AM
Asie;Azerbaïdjan;Bakou;Ilham Aliyev;Président;;2026-09-20;https://en.wikipedia.org/wiki/List_of_current_heads_of_state_and_government;https://github.com/lorey/list-of-countries/blob/master/csv/countries.csv;AZ
Asie;Bahreïn;Manama;Hamad bin Isa Al Khalifa;Roi;;2026-09-20;https://en.wikipedia.org/wiki/List_of_current_heads_of_state_and_government;https://github.com/lorey/list-of-countries/blob/master/csv/countries.csv;BH
Asie;Bangladesh;Dhaka;Tarique Rahman;Premier ministre;Le quiz retient le détenteur effectif du pouvoir exécutif plutôt que le chef d'État protocolaire.;2026-09-20;https://www.cia.gov/resources/world-leaders/;https://github.com/lorey/list-of-countries/blob/master/csv/countries.csv;BD
Asie;Bhoutan;Thimphu;Tshering Tobgay;Premier ministre;Le quiz retient le détenteur effectif du pouvoir exécutif plutôt que le chef d'État protocolaire.;2026-09-20;https://www.cia.gov/resources/world-leaders/;https://github.com/lorey/list-of-countries/blob/master/csv/countries.csv;BT
Asie;Brunei;Bandar Seri Begawan;Hassanal Bolkiah;Sultan;Il est également Premier ministre.;2026-09-20;https://en.wikipedia.org/wiki/List_of_current_heads_of_state_and_government;https://github.com/lorey/list-of-countries/blob/master/csv/countries.csv;BN
Asie;Cambodge;Phnom Penh;Hun Manet;Premier ministre;Le quiz retient le détenteur effectif du pouvoir exécutif plutôt que le chef d'État protocolaire.;2026-09-20;https://www.cia.gov/resources/world-leaders/;https://github.com/lorey/list-of-countries/blob/master/csv/countries.csv;KH
Asie;Chine;Pékin;Xi Jinping;Président;Il est également secrétaire général du Parti communiste chinois.;2026-09-20;https://en.wikipedia.org/wiki/List_of_current_heads_of_state_and_government;https://github.com/lorey/list-of-countries/blob/master/csv/countries.csv;CN
Asie;Chypre;Nicosie;Nikos Christodoulides;Président;;2026-09-20;https://en.wikipedia.org/wiki/List_of_current_heads_of_state_and_government;https://github.com/lorey/list-of-countries/blob/master/csv/countries.csv;CY
Asie;Corée du Nord;Pyongyang;Kim Jong Un;Président de la Commission des affaires de l'État;Il est également secrétaire général du Parti du travail de Corée.;2026-09-20;https://en.wikipedia.org/wiki/List_of_current_heads_of_state_and_government;https://github.com/lorey/list-of-countries/blob/master/csv/countries.csv;KP
Asie;Corée du Sud;Séoul;Lee Jae Myung;Président;;2026-09-20;https://en.wikipedia.org/wiki/List_of_current_heads_of_state_and_government;https://github.com/lorey/list-of-countries/blob/master/csv/countries.csv;KR
Asie;Géorgie;Tbilisi;Irakli Kobakhidze;Premier ministre;Le quiz retient le détenteur effectif du pouvoir exécutif plutôt que le chef d'État protocolaire.;2026-09-20;https://www.cia.gov/resources/world-leaders/;https://github.com/lorey/list-of-countries/blob/master/csv/countries.csv;GE
Asie;Inde;New Delhi;Narendra Modi;Premier ministre;Le quiz retient le détenteur effectif du pouvoir exécutif plutôt que le chef d'État protocolaire.;2026-09-20;https://www.cia.gov/resources/world-leaders/;https://github.com/lorey/list-of-countries/blob/master/csv/countries.csv;IN
Asie;Indonésie;Jakarta;Prabowo Subianto;Président;Jakarta reste la réponse retenue tant que le transfert effectif des fonctions nationales vers Nusantara n'est pas achevé.;2026-09-20;https://www.cia.gov/resources/world-leaders/foreign-governments/indonesia;https://www.reuters.com/world/asia-pacific/indonesias-prabowo-affirms-commitment-new-capital-city-first-visit-president-2026-01-13/;ID
Asie;Irak;Bagdad;Ali Falih Kadhim al-Zaydi;Premier ministre;Le quiz retient le détenteur effectif du pouvoir exécutif plutôt que le chef d'État protocolaire.;2026-09-20;https://www.cia.gov/resources/world-leaders/;https://github.com/lorey/list-of-countries/blob/master/csv/countries.csv;IQ
Asie;Iran;Téhéran;Mojtaba Khamenei;Guide suprême;"Le président de la République est Masoud Pezeshkian ; le Guide suprême est l'autorité suprême listée par la source.";2026-09-20;https://en.wikipedia.org/wiki/List_of_current_heads_of_state_and_government;https://github.com/lorey/list-of-countries/blob/master/csv/countries.csv;IR
Asie;Israël;Jérusalem;Benjamin Netanyahu;Premier ministre;Le quiz retient le détenteur effectif du pouvoir exécutif plutôt que le chef d'État protocolaire.;2026-09-20;https://www.cia.gov/resources/world-leaders/;https://github.com/lorey/list-of-countries/blob/master/csv/countries.csv;IL
Asie;Japon;Tokyo;Sanae Takaichi;Première ministre;Le quiz retient le détenteur effectif du pouvoir exécutif plutôt que le chef d'État protocolaire.;2026-09-20;https://www.reuters.com/world/asia-pacific/japans-takaichi-set-signal-policy-continuity-cabinet-reshuffle-2026-09-16/;https://github.com/lorey/list-of-countries/blob/master/csv/countries.csv;JP
Asie;Jordanie;Amman;Abdullah II;Roi;;2026-09-20;https://en.wikipedia.org/wiki/List_of_current_heads_of_state_and_government;https://github.com/lorey/list-of-countries/blob/master/csv/countries.csv;JO
Asie;Kazakhstan;Astana;Kassym-Jomart Tokayev;Président;;2026-09-20;https://en.wikipedia.org/wiki/List_of_current_heads_of_state_and_government;https://github.com/lorey/list-of-countries/blob/master/csv/countries.csv;KZ
Asie;Kirghizstan;Bichkek;Sadyr Japarov;Président;;2026-09-20;https://en.wikipedia.org/wiki/List_of_current_heads_of_state_and_government;https://github.com/lorey/list-of-countries/blob/master/csv/countries.csv;KG
Asie;Koweït;Koweït;Mishal Al-Ahmad Al-Jaber Al-Sabah;Émir;;2026-09-20;https://en.wikipedia.org/wiki/List_of_current_heads_of_state_and_government;https://github.com/lorey/list-of-countries/blob/master/csv/countries.csv;KW
Asie;Laos;Vientiane;Thongloun Sisoulith;Président;Il est également secrétaire général du Parti révolutionnaire populaire lao.;2026-09-20;https://en.wikipedia.org/wiki/List_of_current_heads_of_state_and_government;https://github.com/lorey/list-of-countries/blob/master/csv/countries.csv;LA
Asie;Liban;Beyrouth;Nawaf Salam;Premier ministre;Le quiz retient le détenteur effectif du pouvoir exécutif plutôt que le chef d'État protocolaire.;2026-09-20;https://www.cia.gov/resources/world-leaders/;https://github.com/lorey/list-of-countries/blob/master/csv/countries.csv;LB
Asie;Malaisie;Kuala Lumpur;Anwar Ibrahim;Premier ministre;Le quiz retient le détenteur effectif du pouvoir exécutif plutôt que le chef d'État protocolaire.;2026-09-20;https://www.cia.gov/resources/world-leaders/;https://www.malaysia.gov.my/;MY
Asie;Maldives;Malé;Mohamed Muizzu;Président;;2026-09-20;https://en.wikipedia.org/wiki/List_of_current_heads_of_state_and_government;https://github.com/lorey/list-of-countries/blob/master/csv/countries.csv;MV
Asie;Mongolie;Oulan-Bator;Nyam-Osor Uchral;Premier ministre;Le quiz retient le détenteur effectif du pouvoir exécutif plutôt que le chef d'État protocolaire.;2026-09-20;https://www.cia.gov/resources/world-leaders/;https://github.com/lorey/list-of-countries/blob/master/csv/countries.csv;MN
Asie;Myanmar (Birmanie);Naypyidaw;Min Aung Hlaing;Président;;2026-09-20;https://en.wikipedia.org/wiki/List_of_current_heads_of_state_and_government;https://github.com/lorey/list-of-countries/blob/master/csv/countries.csv;MM
Asie;Népal;Katmandou;Balendra Shah;Premier ministre;Le quiz retient le détenteur effectif du pouvoir exécutif plutôt que le chef d'État protocolaire.;2026-09-20;https://www.cia.gov/resources/world-leaders/;https://github.com/lorey/list-of-countries/blob/master/csv/countries.csv;NP
Asie;Oman;Muscat;Haitham bin Tariq;Sultan;Il est également Premier ministre.;2026-09-20;https://en.wikipedia.org/wiki/List_of_current_heads_of_state_and_government;https://github.com/lorey/list-of-countries/blob/master/csv/countries.csv;OM
Asie;Ouzbékistan;Tachkent;Shavkat Mirziyoyev;Président;;2026-09-20;https://en.wikipedia.org/wiki/List_of_current_heads_of_state_and_government;https://github.com/lorey/list-of-countries/blob/master/csv/countries.csv;UZ
Asie;Pakistan;Islamabad;Shehbaz Sharif;Premier ministre;Le quiz retient le détenteur effectif du pouvoir exécutif plutôt que le chef d'État protocolaire.;2026-09-20;https://www.cia.gov/resources/world-leaders/;https://github.com/lorey/list-of-countries/blob/master/csv/countries.csv;PK
Asie;Palestine;Jérusalem-Est;Mahmoud Abbas;Président;Jérusalem-Est est la capitale revendiquée par l'État de Palestine. Ramallah est le principal siège administratif, mais n'est pas retenue comme réponse.;2026-09-20;https://www.cia.gov/resources/world-leaders/foreign-governments/west-bank;https://www.un.org/unispal/document/auto-insert-199256/;PS
Asie;Philippines;Manille;Bongbong Marcos;Président;;2026-09-20;https://en.wikipedia.org/wiki/List_of_current_heads_of_state_and_government;https://github.com/lorey/list-of-countries/blob/master/csv/countries.csv;PH
Asie;Qatar;Doha;Tamim bin Hamad Al Thani;Émir;;2026-09-20;https://en.wikipedia.org/wiki/List_of_current_heads_of_state_and_government;https://github.com/lorey/list-of-countries/blob/master/csv/countries.csv;QA
Asie;Singapour;Singapour;Lawrence Wong;Premier ministre;Le quiz retient le détenteur effectif du pouvoir exécutif plutôt que le chef d'État protocolaire.;2026-09-20;https://www.cia.gov/resources/world-leaders/;https://github.com/lorey/list-of-countries/blob/master/csv/countries.csv;SG
Asie;Sri Lanka;Sri Jayawardenepura Kotte;Anura Kumara Dissanayake;Président;"Sri Jayawardenepura Kotte est la capitale administrative ; Colombo est la principale ville et capitale commerciale.";2026-09-20;https://en.wikipedia.org/wiki/List_of_current_heads_of_state_and_government;https://www.mfa.gov.lk/national-profile-and-geography;LK
Asie;Syrie;Damas;Ahmed al-Sharaa;Président;;2026-09-20;https://en.wikipedia.org/wiki/List_of_current_heads_of_state_and_government;https://github.com/lorey/list-of-countries/blob/master/csv/countries.csv;SY
Asie;Tadjikistan;Douchanbé;Emomali Rahmon;Président;;2026-09-20;https://en.wikipedia.org/wiki/List_of_current_heads_of_state_and_government;https://github.com/lorey/list-of-countries/blob/master/csv/countries.csv;TJ
Asie;Thaïlande;Bangkok;Anutin Charnvirakul;Premier ministre;Le quiz retient le détenteur effectif du pouvoir exécutif plutôt que le chef d'État protocolaire.;2026-09-20;https://www.cia.gov/resources/world-leaders/;https://github.com/lorey/list-of-countries/blob/master/csv/countries.csv;TH
Asie;Timor-Leste;Dili;Xanana Gusmão;Premier ministre;Le quiz retient le détenteur effectif du pouvoir exécutif plutôt que le chef d'État protocolaire.;2026-09-20;https://www.cia.gov/resources/world-leaders/;https://github.com/lorey/list-of-countries/blob/master/csv/countries.csv;TL
Asie;Turkménistan;Achgabat;Serdar Berdimuhamedow;Président;Gurbanguly Berdimuhamedow préside également le Conseil du peuple.;2026-09-20;https://en.wikipedia.org/wiki/List_of_current_heads_of_state_and_government;https://github.com/lorey/list-of-countries/blob/master/csv/countries.csv;TM
Asie;Turquie;Ankara;Recep Tayyip Erdoğan;Président;;2026-09-20;https://en.wikipedia.org/wiki/List_of_current_heads_of_state_and_government;https://github.com/lorey/list-of-countries/blob/master/csv/countries.csv;TR
Asie;Viêt Nam;Hanoï;Tô Lâm;Secrétaire général du Parti communiste, dirigeant de fait;Le secrétaire général du parti détient l'autorité politique principale.;2026-09-20;https://www.cia.gov/resources/world-leaders/;https://github.com/lorey/list-of-countries/blob/master/csv/countries.csv;VN
Asie;Yémen;Sanaa;Rashad al-Alimi;Président du Conseil de direction présidentiel;;2026-09-20;https://en.wikipedia.org/wiki/List_of_current_heads_of_state_and_government;https://github.com/lorey/list-of-countries/blob/master/csv/countries.csv;YE
Asie;Émirats arabes unis;Abu Dhabi;Mohamed bin Zayed Al Nahyan;Président;;2026-09-20;https://en.wikipedia.org/wiki/List_of_current_heads_of_state_and_government;https://github.com/lorey/list-of-countries/blob/master/csv/countries.csv;AE
Europe;Albanie;Tirana;Edi Rama;Premier ministre;Le quiz retient le détenteur effectif du pouvoir exécutif plutôt que le chef d'État protocolaire.;2026-09-20;https://www.cia.gov/resources/world-leaders/;https://github.com/lorey/list-of-countries/blob/master/csv/countries.csv;AL
Europe;Allemagne;Berlin;Friedrich Merz;Chancelier fédéral;Le quiz retient le détenteur effectif du pouvoir exécutif plutôt que le chef d'État protocolaire.;2026-09-20;https://www.cia.gov/resources/world-leaders/;https://github.com/lorey/list-of-countries/blob/master/csv/countries.csv;DE
Europe;Andorre;Andorre-la-Vieille;Xavier Espot Zamora;Chef du gouvernement;Le quiz retient le détenteur effectif du pouvoir exécutif plutôt que le chef d'État protocolaire.;2026-09-20;https://www.cia.gov/resources/world-leaders/;https://github.com/lorey/list-of-countries/blob/master/csv/countries.csv;AD
Europe;Autriche;Vienne;Christian Stocker;Chancelier fédéral;Le quiz retient le détenteur effectif du pouvoir exécutif plutôt que le chef d'État protocolaire.;2026-09-20;https://www.cia.gov/resources/world-leaders/;https://github.com/lorey/list-of-countries/blob/master/csv/countries.csv;AT
Europe;Belgique;Bruxelles;Bart De Wever;Premier ministre;Le quiz retient le détenteur effectif du pouvoir exécutif plutôt que le chef d'État protocolaire.;2026-09-20;https://www.cia.gov/resources/world-leaders/;https://github.com/lorey/list-of-countries/blob/master/csv/countries.csv;BE
Europe;Biélorussie;Minsk;Alexander Lukashenko;Président;Il est également président de l'Assemblée populaire pan-biélorusse selon la source.;2026-09-20;https://en.wikipedia.org/wiki/List_of_current_heads_of_state_and_government;https://github.com/lorey/list-of-countries/blob/master/csv/countries.csv;BY
Europe;Bosnie-Herzégovine;Sarajevo;Borjana Krišto;Présidente du Conseil des ministres;Le quiz retient le détenteur effectif du pouvoir exécutif plutôt que le chef d'État protocolaire.;2026-09-20;https://www.cia.gov/resources/world-leaders/;https://github.com/lorey/list-of-countries/blob/master/csv/countries.csv;BA
Europe;Bulgarie;Sofia;Rumen Radev;Premier ministre;Le quiz retient le détenteur effectif du pouvoir exécutif plutôt que le chef d'État protocolaire.;2026-09-20;https://www.cia.gov/resources/world-leaders/;https://github.com/lorey/list-of-countries/blob/master/csv/countries.csv;BG
Europe;Croatie;Zagreb;Andrej Plenković;Premier ministre;Le quiz retient le détenteur effectif du pouvoir exécutif plutôt que le chef d'État protocolaire.;2026-09-20;https://www.cia.gov/resources/world-leaders/;https://github.com/lorey/list-of-countries/blob/master/csv/countries.csv;HR
Europe;Danemark;Copenhague;Mette Frederiksen;Première ministre;Le quiz retient le détenteur effectif du pouvoir exécutif plutôt que le chef d'État protocolaire.;2026-09-20;https://www.cia.gov/resources/world-leaders/;https://github.com/lorey/list-of-countries/blob/master/csv/countries.csv;DK
Europe;Espagne;Madrid;Pedro Sánchez;Président du gouvernement;Le quiz retient le détenteur effectif du pouvoir exécutif plutôt que le chef d'État protocolaire.;2026-09-20;https://www.cia.gov/resources/world-leaders/;https://github.com/lorey/list-of-countries/blob/master/csv/countries.csv;ES
Europe;Estonie;Tallinn;Kristen Michal;Premier ministre;Le quiz retient le détenteur effectif du pouvoir exécutif plutôt que le chef d'État protocolaire.;2026-09-20;https://www.cia.gov/resources/world-leaders/;https://github.com/lorey/list-of-countries/blob/master/csv/countries.csv;EE
Europe;Finlande;Helsinki;Petteri Orpo;Premier ministre;Le quiz retient le détenteur effectif du pouvoir exécutif plutôt que le chef d'État protocolaire.;2026-09-20;https://www.cia.gov/resources/world-leaders/;https://github.com/lorey/list-of-countries/blob/master/csv/countries.csv;FI
Europe;France;Paris;Emmanuel Macron;Président;;2026-09-20;https://en.wikipedia.org/wiki/List_of_current_heads_of_state_and_government;https://github.com/lorey/list-of-countries/blob/master/csv/countries.csv;FR
Europe;Grèce;Athènes;Kyriakos Mitsotakis;Premier ministre;Le quiz retient le détenteur effectif du pouvoir exécutif plutôt que le chef d'État protocolaire.;2026-09-20;https://www.cia.gov/resources/world-leaders/;https://github.com/lorey/list-of-countries/blob/master/csv/countries.csv;GR
Europe;Hongrie;Budapest;Péter Magyar;Premier ministre;Péter Magyar a succédé à Viktor Orbán le 9 mai 2026.;2026-09-26;https://kormany.hu/kormanyzat/miniszterelnok;https://github.com/lorey/list-of-countries/blob/master/csv/countries.csv;HU
Europe;Irlande;Dublin;Micheál Martin;Taoiseach (Premier ministre);Le quiz retient le détenteur effectif du pouvoir exécutif plutôt que le chef d'État protocolaire.;2026-09-20;https://www.cia.gov/resources/world-leaders/;https://github.com/lorey/list-of-countries/blob/master/csv/countries.csv;IE
Europe;Islande;Reykjavik;Kristrún Frostadóttir;Première ministre;Le quiz retient le détenteur effectif du pouvoir exécutif plutôt que le chef d'État protocolaire.;2026-09-20;https://www.cia.gov/resources/world-leaders/;https://github.com/lorey/list-of-countries/blob/master/csv/countries.csv;IS
Europe;Italie;Rome;Giorgia Meloni;Présidente du Conseil des ministres;Le quiz retient le détenteur effectif du pouvoir exécutif plutôt que le chef d'État protocolaire.;2026-09-20;https://www.cia.gov/resources/world-leaders/;https://github.com/lorey/list-of-countries/blob/master/csv/countries.csv;IT
Europe;Lettonie;Riga;Andris Kulbergs;Premier ministre;Le quiz retient le détenteur effectif du pouvoir exécutif plutôt que le chef d'État protocolaire.;2026-09-26;https://www.mk.gov.lv/en/employee/andris-kulbergs;https://github.com/lorey/list-of-countries/blob/master/csv/countries.csv;LV
Europe;Liechtenstein;Vaduz;Brigitte Haas;Cheffe du gouvernement;Le quiz retient le détenteur effectif du pouvoir exécutif plutôt que le chef d'État protocolaire.;2026-09-20;https://apnews.com/article/3e6b8510cb9f1e61f3692440848966d1;https://github.com/lorey/list-of-countries/blob/master/csv/countries.csv;LI
Europe;Lituanie;Vilnius;Mindaugas Sinkevičius;Premier ministre;Le quiz retient le détenteur effectif du pouvoir exécutif plutôt que le chef d'État protocolaire.;2026-09-26;https://lrv.lt/en/;https://github.com/lorey/list-of-countries/blob/master/csv/countries.csv;LT
Europe;Luxembourg;Luxembourg;Luc Frieden;Premier ministre;Le quiz retient le détenteur effectif du pouvoir exécutif plutôt que le chef d'État protocolaire.;2026-09-20;https://www.cia.gov/resources/world-leaders/;https://github.com/lorey/list-of-countries/blob/master/csv/countries.csv;LU
Europe;Macédoine du Nord;Skopje;Hristijan Mickoski;Président du gouvernement;Le quiz retient le détenteur effectif du pouvoir exécutif plutôt que le chef d'État protocolaire.;2026-09-20;https://www.cia.gov/resources/world-leaders/;https://github.com/lorey/list-of-countries/blob/master/csv/countries.csv;MK
Europe;Malte;Valletta;Robert Abela;Premier ministre;Le quiz retient le détenteur effectif du pouvoir exécutif plutôt que le chef d'État protocolaire.;2026-09-20;https://www.cia.gov/resources/world-leaders/;https://github.com/lorey/list-of-countries/blob/master/csv/countries.csv;MT
Europe;Moldavie;Chișinău;Vasile Tofan;Premier ministre;Le quiz retient le détenteur effectif du pouvoir exécutif plutôt que le chef d'État protocolaire.;2026-09-26;https://www.reuters.com/world/moldovas-parliament-approves-60-day-state-emergency-energy-water-supply-2026-09-22/;https://github.com/lorey/list-of-countries/blob/master/csv/countries.csv;MD
Europe;Monaco;Monaco;Albert II;Prince souverain;;2026-09-20;https://en.wikipedia.org/wiki/List_of_current_heads_of_state_and_government;https://github.com/lorey/list-of-countries/blob/master/csv/countries.csv;MC
Europe;Monténégro;Podgorica;Milojko Spajić;Premier ministre;Le quiz retient le détenteur effectif du pouvoir exécutif plutôt que le chef d'État protocolaire.;2026-09-20;https://www.cia.gov/resources/world-leaders/;https://github.com/lorey/list-of-countries/blob/master/csv/countries.csv;ME
Europe;Norvège;Oslo;Jonas Gahr Støre;Premier ministre;Le quiz retient le détenteur effectif du pouvoir exécutif plutôt que le chef d'État protocolaire.;2026-09-20;https://www.cia.gov/resources/world-leaders/;https://github.com/lorey/list-of-countries/blob/master/csv/countries.csv;NO
Europe;Pays-Bas;Amsterdam;Rob Jetten;Premier ministre;Le quiz retient le détenteur effectif du pouvoir exécutif plutôt que le chef d'État protocolaire.;2026-09-20;https://www.cia.gov/resources/world-leaders/;https://github.com/lorey/list-of-countries/blob/master/csv/countries.csv;NL
Europe;Pologne;Varsovie;Donald Tusk;Président du Conseil des ministres;Le quiz retient le détenteur effectif du pouvoir exécutif plutôt que le chef d'État protocolaire.;2026-09-20;https://www.cia.gov/resources/world-leaders/;https://github.com/lorey/list-of-countries/blob/master/csv/countries.csv;PL
Europe;Portugal;Lisbonne;Luís Montenegro;Premier ministre;Le quiz retient le détenteur effectif du pouvoir exécutif plutôt que le chef d'État protocolaire.;2026-09-20;https://www.cia.gov/resources/world-leaders/;https://github.com/lorey/list-of-countries/blob/master/csv/countries.csv;PT
Europe;Roumanie;Bucarest;Ilie Bolojan;Premier ministre intérimaire;"Son gouvernement a été renversé ; il assure l'intérim pendant la formation d'un nouveau cabinet.";2026-09-20;https://www.reuters.com/world/romanian-liberal-mep-siegfried-muresan-nominated-prime-minister-2026-09-17/;https://github.com/lorey/list-of-countries/blob/master/csv/countries.csv;RO
Europe;Royaume-Uni;Londres;Andy Burnham;Premier ministre;Le quiz retient le détenteur effectif du pouvoir exécutif plutôt que le chef d'État protocolaire.;2026-09-20;https://www.cia.gov/resources/world-leaders/;https://www.gov.uk/;GB
Europe;Russie;Moscou;Vladimir Putin;Président;;2026-09-20;https://en.wikipedia.org/wiki/List_of_current_heads_of_state_and_government;https://github.com/lorey/list-of-countries/blob/master/csv/countries.csv;RU
Europe;Saint-Marin;Saint-Marin;Luca Beccari;Secrétaire d'État aux Affaires étrangères;"Saint-Marin a un exécutif collégial ; le quiz retient le principal secrétaire d'État plutôt que les capitaines-régents protocolaires.";2026-09-20;https://www.esteri.sm/pub2/EsteriSM/en/;https://github.com/lorey/list-of-countries/blob/master/csv/countries.csv;SM
Europe;Serbie;Belgrade;Aleksandar Vučić;Président;;2026-09-20;https://en.wikipedia.org/wiki/List_of_current_heads_of_state_and_government;https://github.com/lorey/list-of-countries/blob/master/csv/countries.csv;RS
Europe;Slovaquie;Bratislava;Robert Fico;Premier ministre;Le quiz retient le détenteur effectif du pouvoir exécutif plutôt que le chef d'État protocolaire.;2026-09-20;https://www.cia.gov/resources/world-leaders/;https://github.com/lorey/list-of-countries/blob/master/csv/countries.csv;SK
Europe;Slovénie;Ljubljana;Janez Janša;Président du gouvernement;Le quiz retient le détenteur effectif du pouvoir exécutif plutôt que le chef d'État protocolaire.;2026-09-20;https://www.cia.gov/resources/world-leaders/;https://github.com/lorey/list-of-countries/blob/master/csv/countries.csv;SI
Europe;Suisse;Berne;Guy Parmelin;Président tournant du Conseil fédéral;Le pouvoir exécutif est exercé collégialement par le Conseil fédéral.;2026-09-20;https://www.cia.gov/resources/world-leaders/;https://www.eda.admin.ch/aboutswitzerland/fr/home/politik-geschichte/politisches-system/bundesstadt-bern.html;CH
Europe;Suède;Stockholm;Ulf Kristersson;Premier ministre démissionnaire assurant l'intérim;Il reste chargé des affaires courantes pendant la formation du gouvernement suivant.;2026-09-20;https://www.theguardian.com/world/2026/sep/17/sweden-elections-prime-minister-resigns;https://github.com/lorey/list-of-countries/blob/master/csv/countries.csv;SE
Europe;Tchéquie;Prague;Andrej Babiš;Président du gouvernement;Le quiz retient le détenteur effectif du pouvoir exécutif plutôt que le chef d'État protocolaire.;2026-09-20;https://www.cia.gov/resources/world-leaders/;https://github.com/lorey/list-of-countries/blob/master/csv/countries.csv;CZ
Europe;Ukraine;Kyiv;Volodymyr Zelenskyy;Président;;2026-09-20;https://en.wikipedia.org/wiki/List_of_current_heads_of_state_and_government;https://github.com/lorey/list-of-countries/blob/master/csv/countries.csv;UA
Europe;Vatican;Cité du Vatican;Leo XIV;Pape;Le pape est le souverain de l'État de la Cité du Vatican.;2026-09-20;https://en.wikipedia.org/wiki/List_of_current_heads_of_state_and_government;https://github.com/lorey/list-of-countries/blob/master/csv/countries.csv;VA
Océanie;Australie;Canberra;Anthony Albanese;Premier ministre;Le quiz retient le détenteur effectif du pouvoir exécutif plutôt que le chef d'État protocolaire.;2026-09-20;https://www.cia.gov/resources/world-leaders/;https://github.com/lorey/list-of-countries/blob/master/csv/countries.csv;AU
Océanie;Fidji;Suva;Sitiveni Rabuka;Premier ministre;Le quiz retient le détenteur effectif du pouvoir exécutif plutôt que le chef d'État protocolaire.;2026-09-20;https://www.cia.gov/resources/world-leaders/;https://github.com/lorey/list-of-countries/blob/master/csv/countries.csv;FJ
Océanie;Kiribati;South Tarawa;Taneti Maamau;Président;;2026-09-20;https://en.wikipedia.org/wiki/List_of_current_heads_of_state_and_government;https://github.com/lorey/list-of-countries/blob/master/csv/countries.csv;KI
Océanie;Nauru;Yaren;David Adeang;Président;Nauru n'a pas de capitale officielle. Yaren, siège de fait du gouvernement, est la réponse conventionnelle retenue pour le quiz.;2026-09-20;https://www.cia.gov/resources/world-leaders/foreign-governments/nauru;https://www.un.int/nauru/nauru/country-facts;NR
Océanie;Nouvelle-Zélande;Wellington;Christopher Luxon;Premier ministre;Le quiz retient le détenteur effectif du pouvoir exécutif plutôt que le chef d'État protocolaire.;2026-09-20;https://www.cia.gov/resources/world-leaders/;https://github.com/lorey/list-of-countries/blob/master/csv/countries.csv;NZ
Océanie;Palaos;Ngerulmud;Surangel Whipps Jr.;Président;;2026-09-20;https://en.wikipedia.org/wiki/List_of_current_heads_of_state_and_government;https://github.com/lorey/list-of-countries/blob/master/csv/countries.csv;PW
Océanie;Papouasie-Nouvelle-Guinée;Port Moresby;James Marape;Premier ministre;Le quiz retient le détenteur effectif du pouvoir exécutif plutôt que le chef d'État protocolaire.;2026-09-20;https://www.cia.gov/resources/world-leaders/;https://github.com/lorey/list-of-countries/blob/master/csv/countries.csv;PG
Océanie;Samoa;Apia;Laʻaulialemalietoa Leuatea Polataivao Schmidt;Premier ministre;Le quiz retient le détenteur effectif du pouvoir exécutif plutôt que le chef d'État protocolaire.;2026-09-20;https://www.cia.gov/resources/world-leaders/;https://github.com/lorey/list-of-countries/blob/master/csv/countries.csv;WS
Océanie;Tonga;Nuku'alofa;Lord Fatafehi Fakafānua;Premier ministre;Le quiz retient le détenteur effectif du pouvoir exécutif plutôt que le chef d'État protocolaire.;2026-09-20;https://www.theguardian.com/world/2026/mar/24/tonga-us-deal-deep-sea-minerals-environmental-concern;https://github.com/lorey/list-of-countries/blob/master/csv/countries.csv;TO
Océanie;Tuvalu;Funafuti;Feleti Teo;Premier ministre;Le quiz retient le détenteur effectif du pouvoir exécutif plutôt que le chef d'État protocolaire.;2026-09-20;https://www.cia.gov/resources/world-leaders/;https://github.com/lorey/list-of-countries/blob/master/csv/countries.csv;TV
Océanie;Vanuatu;Port Vila;Jotham Napat;Premier ministre;Le quiz retient le détenteur effectif du pouvoir exécutif plutôt que le chef d'État protocolaire.;2026-09-20;https://www.cia.gov/resources/world-leaders/;https://github.com/lorey/list-of-countries/blob/master/csv/countries.csv;VU
Océanie;États fédérés de Micronésie;Palikir;Wesley Simina;Président;;2026-09-20;https://en.wikipedia.org/wiki/List_of_current_heads_of_state_and_government;https://github.com/lorey/list-of-countries/blob/master/csv/countries.csv;FM
Océanie;Îles Marshall;Majuro;Hilda Heine;Présidente;;2026-09-20;https://en.wikipedia.org/wiki/List_of_current_heads_of_state_and_government;https://github.com/lorey/list-of-countries/blob/master/csv/countries.csv;MH
Océanie;Îles Salomon;Honiara;Matthew Wale;Premier ministre;Le quiz retient le détenteur effectif du pouvoir exécutif plutôt que le chef d'État protocolaire.;2026-09-20;https://www.cia.gov/resources/world-leaders/;https://github.com/lorey/list-of-countries/blob/master/csv/countries.csv;SB
